acc,pre_macro,sen_macro,spe_macro,f1_macro
0.7266462480857581,0.5409130162060941,0.5161457052569594,0.7850085531274925,0.5282392067035642
